{
  "config": {
    "onerror": {
      "errorPageUrl": "",
      "appErrorFilter": null
    },
    "session": {
      "maxAge": 86400000,
      "key": "EGG_SESS",
      "httpOnly": true,
      "encrypt": true,
      "overwrite": true,
      "signed": true,
      "encode": "<Function encode>",
      "decode": "<Function decode>",
      "genid": "<Function anonymous>"
    },
    "i18n": {
      "defaultLocale": "en_US",
      "dirs": [
        "/Users/liuxingxing/DEMO/Pinellia/BE/node_modules/egg-onerror/config/locales",
        "/Users/liuxingxing/DEMO/Pinellia/BE/node_modules/egg-session/config/locales",
        "/Users/liuxingxing/DEMO/Pinellia/BE/node_modules/egg-i18n/config/locales",
        "/Users/liuxingxing/DEMO/Pinellia/BE/node_modules/egg-watcher/config/locales",
        "/Users/liuxingxing/DEMO/Pinellia/BE/node_modules/egg-multipart/config/locales",
        "/Users/liuxingxing/DEMO/Pinellia/BE/node_modules/egg-security/config/locales",
        "/Users/liuxingxing/DEMO/Pinellia/BE/node_modules/egg-schedule/config/locales",
        "/Users/liuxingxing/DEMO/Pinellia/BE/node_modules/egg-logrotator/config/locales",
        "/Users/liuxingxing/DEMO/Pinellia/BE/node_modules/egg-static/config/locales",
        "/Users/liuxingxing/DEMO/Pinellia/BE/node_modules/egg-jsonp/config/locales",
        "/Users/liuxingxing/DEMO/Pinellia/BE/node_modules/egg-view/config/locales",
        "/Users/liuxingxing/DEMO/Pinellia/BE/node_modules/egg-view-nunjucks/config/locales",
        "/Users/liuxingxing/DEMO/Pinellia/BE/node_modules/egg-cors/config/locales",
        "/Users/liuxingxing/DEMO/Pinellia/BE/node_modules/egg-mysql/config/locales",
        "/Users/liuxingxing/DEMO/Pinellia/BE/node_modules/egg/config/locales",
        "/Users/liuxingxing/DEMO/Pinellia/BE/config/locales"
      ],
      "queryField": "locale",
      "cookieField": "locale",
      "cookieMaxAge": "1y",
      "functionName": "__"
    },
    "watcher": {
      "type": "default",
      "eventSources": {
        "default": "/Users/liuxingxing/DEMO/Pinellia/BE/node_modules/egg-watcher/lib/event-sources/default",
        "development": "/Users/liuxingxing/DEMO/Pinellia/BE/node_modules/egg-watcher/lib/event-sources/development"
      }
    },
    "multipart": {
      "autoFields": false,
      "defaultCharset": "utf8",
      "fieldNameSize": 100,
      "fieldSize": 102400,
      "fields": 10,
      "fileSize": 10485760,
      "files": 10,
      "fileExtensions": [],
      "whitelist": null
    },
    "security": {
      "domainWhiteList": [
        "http://localhost:8081"
      ],
      "protocolWhiteList": [],
      "defaultMiddleware": "csrf,hsts,methodnoallow,noopen,nosniff,csp,xssProtection,xframe,dta",
      "csrf": {
        "enable": false,
        "useSession": false,
        "ignoreJSON": false,
        "cookieName": "csrfToken",
        "sessionName": "csrfToken",
        "headerName": "x-csrf-token",
        "bodyName": "_csrf",
        "queryName": "_csrf"
      },
      "xframe": {
        "enable": true,
        "value": "SAMEORIGIN",
        "matching": "<Function anonymous>"
      },
      "hsts": {
        "enable": false,
        "maxAge": 31536000,
        "includeSubdomains": false
      },
      "dta": {
        "enable": true,
        "matching": "<Function anonymous>"
      },
      "methodnoallow": {
        "enable": true,
        "matching": "<Function anonymous>"
      },
      "noopen": {
        "enable": true,
        "matching": "<Function anonymous>"
      },
      "nosniff": {
        "enable": true,
        "matching": "<Function anonymous>"
      },
      "xssProtection": {
        "enable": true,
        "value": "1; mode=block",
        "matching": "<Function anonymous>"
      },
      "csp": {
        "enable": false,
        "policy": {}
      }
    },
    "helper": {
      "shtml": {}
    },
    "logrotator": {
      "filesRotateByHour": null,
      "filesRotateBySize": null,
      "maxFileSize": 52428800,
      "maxFiles": 10,
      "rotateDuration": 60000,
      "maxDays": 31
    },
    "static": {
      "prefix": "/public/",
      "dir": "/Users/liuxingxing/DEMO/Pinellia/BE/app/public",
      "dynamic": true,
      "preload": false,
      "buffer": true,
      "maxFiles": 1000,
      "maxAge": 31536000,
      "files": "<LRU>"
    },
    "jsonp": {
      "limit": 50,
      "callback": [
        "_callback",
        "callback"
      ],
      "csrf": false
    },
    "view": {
      "root": [
        "/Users/liuxingxing/DEMO/Pinellia/BE/app/view"
      ],
      "cache": true,
      "defaultExtension": ".html",
      "defaultViewEngine": "nunjucks",
      "mapping": {
        ".tpl": "nunjucks"
      }
    },
    "nunjucks": {
      "autoescape": true,
      "throwOnUndefined": false,
      "trimBlocks": false,
      "lstripBlocks": false,
      "cache": true
    },
    "cors": {
      "origin": "<Function corsOrigin>",
      "allowMethods": "GET,HEAD,PUT,POST,DELETE,PATCH",
      "credentials": false,
      "keepHeadersOnError": true
    },
    "mysql": {
      "default": {
        "database": null,
        "connectionLimit": 5
      },
      "app": true,
      "agent": false,
      "client": {
        "host": "localhost",
        "port": "3306",
        "user": "root",
        "password": "<String len: 7>",
        "database": "pinellia"
      }
    },
    "env": "prod",
    "name": "be",
    "keys": "<String len: 9>",
    "proxy": false,
    "protocolHeaders": "x-forwarded-proto",
    "ipHeaders": "x-forwarded-for",
    "hostHeaders": "x-forwarded-host",
    "pkg": {
      "name": "be",
      "version": "1.0.1",
      "description": "",
      "main": "index.js",
      "scripts": {
        "dev": "egg-bin dev --port 8080",
        "debug": "egg-bin debug",
        "start": "egg-scripts start --daemon",
        "stop": "egg-scripts stop"
      },
      "author": "",
      "license": "ISC",
      "dependencies": {
        "bcrypt": "^1.0.3",
        "csprng": "^0.1.2",
        "egg": "^1.10.0",
        "egg-cors": "^1.2.0",
        "egg-mysql": "^3.0.0",
        "egg-scripts": "^2.1.0",
        "egg-sequelize": "^3.1.0",
        "egg-view-nunjucks": "^2.1.4",
        "mysql2": "^1.4.2"
      },
      "devDependencies": {
        "egg-bin": "^4.3.3"
      }
    },
    "baseDir": "/Users/liuxingxing/DEMO/Pinellia/BE",
    "HOME": "/Users/liuxingxing",
    "rundir": "/Users/liuxingxing/DEMO/Pinellia/BE/run",
    "dump": {
      "ignore": "<Set>"
    },
    "confusedConfigurations": {
      "bodyparser": "bodyParser",
      "notFound": "notfound",
      "sitefile": "siteFile",
      "middlewares": "middleware",
      "httpClient": "httpclient"
    },
    "notfound": {
      "pageUrl": ""
    },
    "siteFile": {
      "/favicon.ico": "<Buffer len: 14191>"
    },
    "bodyParser": {
      "enable": true,
      "encoding": "utf8",
      "formLimit": "100kb",
      "jsonLimit": "100kb",
      "strict": true,
      "queryString": {
        "arrayLimit": 100,
        "depth": 5,
        "parameterLimit": 1000
      },
      "returnRawBody": true
    },
    "logger": {
      "dir": "/Users/liuxingxing/logs/be",
      "encoding": "utf8",
      "env": "prod",
      "level": "INFO",
      "consoleLevel": "INFO",
      "disableConsoleAfterReady": true,
      "outputJSON": false,
      "buffer": true,
      "appLogName": "be-web.log",
      "coreLogName": "egg-web.log",
      "agentLogName": "egg-agent.log",
      "errorLogName": "common-error.log",
      "coreLogger": {},
      "allowDebugAtProd": true,
      "type": "application"
    },
    "httpclient": {
      "enableDNSCache": false,
      "dnsCacheMaxLength": 1000,
      "dnsCacheMaxAge": 10000,
      "request": {
        "timeout": 5000
      },
      "httpAgent": {
        "keepAlive": true,
        "freeSocketKeepAliveTimeout": 4000,
        "maxSockets": 9007199254740991,
        "maxFreeSockets": 256
      },
      "httpsAgent": {
        "keepAlive": true,
        "freeSocketKeepAliveTimeout": 4000,
        "maxSockets": 9007199254740991,
        "maxFreeSockets": 256
      }
    },
    "coreMiddleware": [
      "cors",
      "meta",
      "siteFile",
      "notfound",
      "static",
      "bodyParser",
      "overrideMethod",
      "session",
      "i18n",
      "securities"
    ],
    "workerStartTimeout": 600000,
    "cluster": {
      "listen": {
        "path": "",
        "port": 7001,
        "hostname": ""
      }
    },
    "clusterClient": {
      "responseTimeout": 60000
    },
    "news": {
      "pageSize": 5,
      "serverUrl": "https://hacker-news.firebaseio.com/v0"
    },
    "middleware": [
      "robot"
    ],
    "robot": {
      "ua": [
        {}
      ]
    },
    "coreMiddlewares": [
      "cors",
      "meta",
      "siteFile",
      "notfound",
      "static",
      "bodyParser",
      "overrideMethod",
      "session",
      "i18n",
      "securities"
    ],
    "appMiddlewares": [
      "robot"
    ],
    "appMiddleware": [
      "robot"
    ],
    "multipartParseOptions": {
      "autoFields": false,
      "defCharset": "utf8",
      "limits": {
        "fieldNameSize": 100,
        "fieldSize": 102400,
        "fields": 10,
        "fileSize": 10485760,
        "files": 10
      },
      "checkFile": "<Function checkFile>"
    }
  },
  "plugins": {
    "onerror": {
      "enable": true,
      "package": "egg-onerror",
      "name": "onerror",
      "dependencies": [],
      "optionalDependencies": [],
      "env": [],
      "from": "/Users/liuxingxing/DEMO/Pinellia/BE/node_modules/egg/config/plugin.js",
      "path": "/Users/liuxingxing/DEMO/Pinellia/BE/node_modules/egg-onerror",
      "version": "1.5.0"
    },
    "session": {
      "enable": true,
      "package": "egg-session",
      "name": "session",
      "dependencies": [],
      "optionalDependencies": [],
      "env": [],
      "from": "/Users/liuxingxing/DEMO/Pinellia/BE/node_modules/egg/config/plugin.js",
      "path": "/Users/liuxingxing/DEMO/Pinellia/BE/node_modules/egg-session",
      "version": "2.1.1"
    },
    "i18n": {
      "enable": true,
      "package": "egg-i18n",
      "name": "i18n",
      "dependencies": [],
      "optionalDependencies": [],
      "env": [],
      "from": "/Users/liuxingxing/DEMO/Pinellia/BE/node_modules/egg/config/plugin.js",
      "path": "/Users/liuxingxing/DEMO/Pinellia/BE/node_modules/egg-i18n",
      "version": "1.2.0"
    },
    "watcher": {
      "enable": true,
      "package": "egg-watcher",
      "name": "watcher",
      "dependencies": [],
      "optionalDependencies": [],
      "env": [],
      "from": "/Users/liuxingxing/DEMO/Pinellia/BE/node_modules/egg/config/plugin.js",
      "path": "/Users/liuxingxing/DEMO/Pinellia/BE/node_modules/egg-watcher",
      "version": "2.2.0"
    },
    "multipart": {
      "enable": true,
      "package": "egg-multipart",
      "name": "multipart",
      "dependencies": [],
      "optionalDependencies": [],
      "env": [],
      "from": "/Users/liuxingxing/DEMO/Pinellia/BE/node_modules/egg/config/plugin.js",
      "path": "/Users/liuxingxing/DEMO/Pinellia/BE/node_modules/egg-multipart",
      "version": "1.5.0"
    },
    "security": {
      "enable": true,
      "package": "egg-security",
      "name": "security",
      "dependencies": [],
      "optionalDependencies": [
        "session"
      ],
      "env": [],
      "from": "/Users/liuxingxing/DEMO/Pinellia/BE/node_modules/egg/config/plugin.js",
      "path": "/Users/liuxingxing/DEMO/Pinellia/BE/node_modules/egg-security",
      "version": "1.12.1"
    },
    "schedule": {
      "enable": true,
      "package": "egg-schedule",
      "name": "schedule",
      "dependencies": [],
      "optionalDependencies": [],
      "env": [],
      "from": "/Users/liuxingxing/DEMO/Pinellia/BE/node_modules/egg/config/plugin.js",
      "path": "/Users/liuxingxing/DEMO/Pinellia/BE/node_modules/egg-schedule",
      "version": "2.6.0"
    },
    "logrotator": {
      "enable": true,
      "package": "egg-logrotator",
      "name": "logrotator",
      "dependencies": [
        "schedule"
      ],
      "optionalDependencies": [],
      "env": [],
      "from": "/Users/liuxingxing/DEMO/Pinellia/BE/node_modules/egg/config/plugin.js",
      "path": "/Users/liuxingxing/DEMO/Pinellia/BE/node_modules/egg-logrotator",
      "version": "2.2.3"
    },
    "static": {
      "enable": true,
      "package": "egg-static",
      "name": "static",
      "dependencies": [],
      "optionalDependencies": [],
      "env": [],
      "from": "/Users/liuxingxing/DEMO/Pinellia/BE/node_modules/egg/config/plugin.js",
      "path": "/Users/liuxingxing/DEMO/Pinellia/BE/node_modules/egg-static",
      "version": "1.4.1"
    },
    "jsonp": {
      "enable": true,
      "package": "egg-jsonp",
      "name": "jsonp",
      "dependencies": [],
      "optionalDependencies": [
        "security"
      ],
      "env": [],
      "from": "/Users/liuxingxing/DEMO/Pinellia/BE/node_modules/egg/config/plugin.js",
      "path": "/Users/liuxingxing/DEMO/Pinellia/BE/node_modules/egg-jsonp",
      "version": "1.2.1"
    },
    "view": {
      "enable": true,
      "package": "egg-view",
      "name": "view",
      "dependencies": [],
      "optionalDependencies": [],
      "env": [],
      "from": "/Users/liuxingxing/DEMO/Pinellia/BE/node_modules/egg/config/plugin.js",
      "path": "/Users/liuxingxing/DEMO/Pinellia/BE/node_modules/egg-view",
      "version": "1.1.2"
    },
    "nunjucks": {
      "enable": true,
      "package": "egg-view-nunjucks",
      "name": "nunjucks",
      "dependencies": [
        "security",
        "view"
      ],
      "optionalDependencies": [],
      "env": [],
      "from": "/Users/liuxingxing/DEMO/Pinellia/BE/config/plugin.js",
      "path": "/Users/liuxingxing/DEMO/Pinellia/BE/node_modules/egg-view-nunjucks",
      "version": "2.1.4"
    },
    "cors": {
      "enable": true,
      "package": "egg-cors",
      "name": "cors",
      "dependencies": [],
      "optionalDependencies": [],
      "env": [],
      "from": "/Users/liuxingxing/DEMO/Pinellia/BE/config/plugin.js",
      "path": "/Users/liuxingxing/DEMO/Pinellia/BE/node_modules/egg-cors",
      "version": "1.2.0"
    },
    "mysql": {
      "enable": true,
      "package": "egg-mysql",
      "name": "mysql",
      "dependencies": [],
      "optionalDependencies": [],
      "env": [],
      "from": "/Users/liuxingxing/DEMO/Pinellia/BE/config/plugin.js",
      "path": "/Users/liuxingxing/DEMO/Pinellia/BE/node_modules/egg-mysql",
      "version": "3.0.0"
    }
  }
}